[{"model": "auth.permission", "pk": 1, "fields": {"name": "Can add log entry", "content_type": 1, "codename": "add_logentry"}}, {"model": "auth.permission", "pk": 2, "fields": {"name": "Can change log entry", "content_type": 1, "codename": "change_logentry"}}, {"model": "auth.permission", "pk": 3, "fields": {"name": "Can delete log entry", "content_type": 1, "codename": "delete_logentry"}}, {"model": "auth.permission", "pk": 4, "fields": {"name": "Can view log entry", "content_type": 1, "codename": "view_logentry"}}, {"model": "auth.permission", "pk": 5, "fields": {"name": "Can add permission", "content_type": 2, "codename": "add_permission"}}, {"model": "auth.permission", "pk": 6, "fields": {"name": "Can change permission", "content_type": 2, "codename": "change_permission"}}, {"model": "auth.permission", "pk": 7, "fields": {"name": "Can delete permission", "content_type": 2, "codename": "delete_permission"}}, {"model": "auth.permission", "pk": 8, "fields": {"name": "Can view permission", "content_type": 2, "codename": "view_permission"}}, {"model": "auth.permission", "pk": 9, "fields": {"name": "Can add group", "content_type": 3, "codename": "add_group"}}, {"model": "auth.permission", "pk": 10, "fields": {"name": "Can change group", "content_type": 3, "codename": "change_group"}}, {"model": "auth.permission", "pk": 11, "fields": {"name": "Can delete group", "content_type": 3, "codename": "delete_group"}}, {"model": "auth.permission", "pk": 12, "fields": {"name": "Can view group", "content_type": 3, "codename": "view_group"}}, {"model": "auth.permission", "pk": 13, "fields": {"name": "Can add content type", "content_type": 4, "codename": "add_contenttype"}}, {"model": "auth.permission", "pk": 14, "fields": {"name": "Can change content type", "content_type": 4, "codename": "change_contenttype"}}, {"model": "auth.permission", "pk": 15, "fields": {"name": "Can delete content type", "content_type": 4, "codename": "delete_contenttype"}}, {"model": "auth.permission", "pk": 16, "fields": {"name": "Can view content type", "content_type": 4, "codename": "view_contenttype"}}, {"model": "auth.permission", "pk": 17, "fields": {"name": "Can add session", "content_type": 5, "codename": "add_session"}}, {"model": "auth.permission", "pk": 18, "fields": {"name": "Can change session", "content_type": 5, "codename": "change_session"}}, {"model": "auth.permission", "pk": 19, "fields": {"name": "Can delete session", "content_type": 5, "codename": "delete_session"}}, {"model": "auth.permission", "pk": 20, "fields": {"name": "Can view session", "content_type": 5, "codename": "view_session"}}, {"model": "auth.permission", "pk": 21, "fields": {"name": "Can add site", "content_type": 6, "codename": "add_site"}}, {"model": "auth.permission", "pk": 22, "fields": {"name": "Can change site", "content_type": 6, "codename": "change_site"}}, {"model": "auth.permission", "pk": 23, "fields": {"name": "Can delete site", "content_type": 6, "codename": "delete_site"}}, {"model": "auth.permission", "pk": 24, "fields": {"name": "Can view site", "content_type": 6, "codename": "view_site"}}, {"model": "auth.permission", "pk": 25, "fields": {"name": "Can add email address", "content_type": 7, "codename": "add_emailaddress"}}, {"model": "auth.permission", "pk": 26, "fields": {"name": "Can change email address", "content_type": 7, "codename": "change_emailaddress"}}, {"model": "auth.permission", "pk": 27, "fields": {"name": "Can delete email address", "content_type": 7, "codename": "delete_emailaddress"}}, {"model": "auth.permission", "pk": 28, "fields": {"name": "Can view email address", "content_type": 7, "codename": "view_emailaddress"}}, {"model": "auth.permission", "pk": 29, "fields": {"name": "Can add email confirmation", "content_type": 8, "codename": "add_emailconfirmation"}}, {"model": "auth.permission", "pk": 30, "fields": {"name": "Can change email confirmation", "content_type": 8, "codename": "change_emailconfirmation"}}, {"model": "auth.permission", "pk": 31, "fields": {"name": "Can delete email confirmation", "content_type": 8, "codename": "delete_emailconfirmation"}}, {"model": "auth.permission", "pk": 32, "fields": {"name": "Can view email confirmation", "content_type": 8, "codename": "view_emailconfirmation"}}, {"model": "auth.permission", "pk": 33, "fields": {"name": "Can add social account", "content_type": 9, "codename": "add_socialaccount"}}, {"model": "auth.permission", "pk": 34, "fields": {"name": "Can change social account", "content_type": 9, "codename": "change_socialaccount"}}, {"model": "auth.permission", "pk": 35, "fields": {"name": "Can delete social account", "content_type": 9, "codename": "delete_socialaccount"}}, {"model": "auth.permission", "pk": 36, "fields": {"name": "Can view social account", "content_type": 9, "codename": "view_socialaccount"}}, {"model": "auth.permission", "pk": 37, "fields": {"name": "Can add social application", "content_type": 10, "codename": "add_socialapp"}}, {"model": "auth.permission", "pk": 38, "fields": {"name": "Can change social application", "content_type": 10, "codename": "change_socialapp"}}, {"model": "auth.permission", "pk": 39, "fields": {"name": "Can delete social application", "content_type": 10, "codename": "delete_socialapp"}}, {"model": "auth.permission", "pk": 40, "fields": {"name": "Can view social application", "content_type": 10, "codename": "view_socialapp"}}, {"model": "auth.permission", "pk": 41, "fields": {"name": "Can add social application token", "content_type": 11, "codename": "add_socialtoken"}}, {"model": "auth.permission", "pk": 42, "fields": {"name": "Can change social application token", "content_type": 11, "codename": "change_socialtoken"}}, {"model": "auth.permission", "pk": 43, "fields": {"name": "Can delete social application token", "content_type": 11, "codename": "delete_socialtoken"}}, {"model": "auth.permission", "pk": 44, "fields": {"name": "Can view social application token", "content_type": 11, "codename": "view_socialtoken"}}, {"model": "auth.permission", "pk": 45, "fields": {"name": "Can add user", "content_type": 12, "codename": "add_customuser"}}, {"model": "auth.permission", "pk": 46, "fields": {"name": "Can change user", "content_type": 12, "codename": "change_customuser"}}, {"model": "auth.permission", "pk": 47, "fields": {"name": "Can delete user", "content_type": 12, "codename": "delete_customuser"}}, {"model": "auth.permission", "pk": 48, "fields": {"name": "Can view user", "content_type": 12, "codename": "view_customuser"}}, {"model": "auth.permission", "pk": 49, "fields": {"name": "Can add Book", "content_type": 13, "codename": "add_book"}}, {"model": "auth.permission", "pk": 50, "fields": {"name": "Can change Book", "content_type": 13, "codename": "change_book"}}, {"model": "auth.permission", "pk": 51, "fields": {"name": "Can delete Book", "content_type": 13, "codename": "delete_book"}}, {"model": "auth.permission", "pk": 52, "fields": {"name": "Can view Book", "content_type": 13, "codename": "view_book"}}, {"model": "auth.permission", "pk": 53, "fields": {"name": "Can add Account", "content_type": 14, "codename": "add_account"}}, {"model": "auth.permission", "pk": 54, "fields": {"name": "Can change Account", "content_type": 14, "codename": "change_account"}}, {"model": "auth.permission", "pk": 55, "fields": {"name": "Can delete Account", "content_type": 14, "codename": "delete_account"}}, {"model": "auth.permission", "pk": 56, "fields": {"name": "Can view Account", "content_type": 14, "codename": "view_account"}}, {"model": "auth.permission", "pk": 57, "fields": {"name": "Can add RootAccount", "content_type": 15, "codename": "add_rootaccount"}}, {"model": "auth.permission", "pk": 58, "fields": {"name": "Can change RootAccount", "content_type": 15, "codename": "change_rootaccount"}}, {"model": "auth.permission", "pk": 59, "fields": {"name": "Can delete RootAccount", "content_type": 15, "codename": "delete_rootaccount"}}, {"model": "auth.permission", "pk": 60, "fields": {"name": "Can view RootAccount", "content_type": 15, "codename": "view_rootaccount"}}, {"model": "auth.permission", "pk": 61, "fields": {"name": "Can add Transaction", "content_type": 16, "codename": "add_transaction"}}, {"model": "auth.permission", "pk": 62, "fields": {"name": "Can change Transaction", "content_type": 16, "codename": "change_transaction"}}, {"model": "auth.permission", "pk": 63, "fields": {"name": "Can delete Transaction", "content_type": 16, "codename": "delete_transaction"}}, {"model": "auth.permission", "pk": 64, "fields": {"name": "Can view Transaction", "content_type": 16, "codename": "view_transaction"}}, {"model": "auth.permission", "pk": 65, "fields": {"name": "Can add Entry", "content_type": 17, "codename": "add_entry"}}, {"model": "auth.permission", "pk": 66, "fields": {"name": "Can change Entry", "content_type": 17, "codename": "change_entry"}}, {"model": "auth.permission", "pk": 67, "fields": {"name": "Can delete Entry", "content_type": 17, "codename": "delete_entry"}}, {"model": "auth.permission", "pk": 68, "fields": {"name": "Can view Entry", "content_type": 17, "codename": "view_entry"}}, {"model": "auth.permission", "pk": 69, "fields": {"name": "Can add explaination", "content_type": 18, "codename": "add_explaination"}}, {"model": "auth.permission", "pk": 70, "fields": {"name": "Can change explaination", "content_type": 18, "codename": "change_explaination"}}, {"model": "auth.permission", "pk": 71, "fields": {"name": "Can delete explaination", "content_type": 18, "codename": "delete_explaination"}}, {"model": "auth.permission", "pk": 72, "fields": {"name": "Can view explaination", "content_type": 18, "codename": "view_explaination"}}, {"model": "contenttypes.contenttype", "pk": 1, "fields": {"app_label": "admin", "model": "logentry"}}, {"model": "contenttypes.contenttype", "pk": 2, "fields": {"app_label": "auth", "model": "permission"}}, {"model": "contenttypes.contenttype", "pk": 3, "fields": {"app_label": "auth", "model": "group"}}, {"model": "contenttypes.contenttype", "pk": 4, "fields": {"app_label": "contenttypes", "model": "contenttype"}}, {"model": "contenttypes.contenttype", "pk": 5, "fields": {"app_label": "sessions", "model": "session"}}, {"model": "contenttypes.contenttype", "pk": 6, "fields": {"app_label": "sites", "model": "site"}}, {"model": "contenttypes.contenttype", "pk": 7, "fields": {"app_label": "account", "model": "emailaddress"}}, {"model": "contenttypes.contenttype", "pk": 8, "fields": {"app_label": "account", "model": "emailconfirmation"}}, {"model": "contenttypes.contenttype", "pk": 9, "fields": {"app_label": "socialaccount", "model": "socialaccount"}}, {"model": "contenttypes.contenttype", "pk": 10, "fields": {"app_label": "socialaccount", "model": "socialapp"}}, {"model": "contenttypes.contenttype", "pk": 11, "fields": {"app_label": "socialaccount", "model": "socialtoken"}}, {"model": "contenttypes.contenttype", "pk": 12, "fields": {"app_label": "accounts", "model": "customuser"}}, {"model": "contenttypes.contenttype", "pk": 13, "fields": {"app_label": "acc_books", "model": "book"}}, {"model": "contenttypes.contenttype", "pk": 14, "fields": {"app_label": "acc_codes", "model": "account"}}, {"model": "contenttypes.contenttype", "pk": 15, "fields": {"app_label": "acc_codes", "model": "rootaccount"}}, {"model": "contenttypes.contenttype", "pk": 16, "fields": {"app_label": "transactions", "model": "transaction"}}, {"model": "contenttypes.contenttype", "pk": 17, "fields": {"app_label": "transactions", "model": "entry"}}, {"model": "contenttypes.contenttype", "pk": 18, "fields": {"app_label": "transactions", "model": "explaination"}}, {"model": "sessions.session", "pk": "ex8vwuj67h43eaxuxytrttpo40gu2n06", "fields": {"session_data": ".eJxVj0FOxDAMRe_idVUlaZO0XbLnBAhVTuzSAE1GTSpAo7k7Dcxmdl_-z0_6V0Dv0xHLjEdZOZbgsYQU543LmijD9HKF_wwTXDDnr7QTNIAFJmm1sFaOvW1Nb-wwmAaOzHvEjU8aaQsRbq8N_MnnWs2heiQ83Bz6D461oHeMb6n1KZY9uLYi7b3N7XMi_ny6sw-CFfN6fivNWjgatFxkj8ugnNed66VgbyVZJuGl9niGrqPOoJXOjWohZ5Cl8lilmXOu-_n7Evafc6MSoxHi9gu8mWJc:1uU3lD:U_T9xRxAT-f9C8p_i7LrMSeRL6T9I_-tKtdVsU4smgk", "expire_date": "2025-07-08T13:32:27.664Z"}}, {"model": "sites.site", "pk": 1, "fields": {"domain": "example.com", "name": "example.com"}}, {"model": "account.emailaddress", "pk": 1, "fields": {"user": 1, "email": "admin@example.com", "verified": false, "primary": false}}, {"model": "accounts.customuser", "pk": 1, "fields": {"password": "pbkdf2_sha256$870000$kBBgmaCdmBs5Xna1XgYiGz$3MhLNs2gWARoaFCRnx0B4LvNA5CDg5DdtlEqOuNiSNw=", "last_login": "2025-06-24T13:32:27.659Z", "is_superuser": true, "username": "admin", "first_name": "Theerapong", "last_name": "Likhitsab", "email": "admin@example.com", "is_staff": true, "is_active": true, "date_joined": "2024-12-31T04:57:55.377Z", "gender": "M", "occupation": "Student", "city": "Tokyo", "annual_income": null, "groups": [], "user_permissions": []}}, {"model": "acc_books.book", "pk": 2, "fields": {"name": "Japanese Account", "abbr": "JA", "guideline": "", "currency_sign": "฿", "created_by": 1}}, {"model": "acc_books.book", "pk": 3, "fields": {"name": "Thai Account", "abbr": "TA", "guideline": "", "currency_sign": "฿", "created_by": 1}}, {"model": "acc_codes.rootaccount", "pk": 1101, "fields": {"name": "Cash in hand", "guideline": "Reserved for  110101: cash in hand", "balance": 1}}, {"model": "acc_codes.rootaccount", "pk": 1102, "fields": {"name": "Bank Account", "guideline": "Code: 11020x-0y x=bank_count, y=account_count\nName : Bank_name Last_4_digits (Your_callable_name)\n - example: 110201 | Kbank 1123 (Salary Account)", "balance": 1}}, {"model": "acc_codes.rootaccount", "pk": 1103, "fields": {"name": "E-wallet", "guideline": "Code: 11030xn\nName : Bank_name Last_4_digits (Your_callable_name)\n - example: 110301 | Paypal", "balance": 1}}, {"model": "acc_codes.rootaccount", "pk": 1104, "fields": {"name": "Debit Card", "guideline": "Code: 11040x\nName : Card_name Provider\n - example: 110401 | YouTrip Visa", "balance": 1}}, {"model": "acc_codes.rootaccount", "pk": 1105, "fields": {"name": "Account Receivable", "guideline": "Code: 11050x\nName : Person_name\n - example: 110501 | Mike\nDescription : credit_limit, agreed_duration, penalty_clause, blacklist_flag", "balance": 1}}, {"model": "acc_codes.rootaccount", "pk": 1106, "fields": {"name": "Workplace AW", "guideline": "Code: 11060x\nName : Workplace_name\n - example : 110601 | SuperHotel\nDescription : payment_date, to_account", "balance": 1}}, {"model": "acc_codes.rootaccount", "pk": 1201, "fields": {"name": "Inventory", "guideline": "-", "balance": 1}}, {"model": "acc_codes.rootaccount", "pk": 1202, "fields": {"name": "Equipment", "guideline": "-", "balance": 1}}, {"model": "acc_codes.rootaccount", "pk": 1203, "fields": {"name": "Vehicle", "guideline": "-", "balance": 1}}, {"model": "acc_codes.rootaccount", "pk": 2101, "fields": {"name": "Credit Card", "guideline": "Code: 21010x\nName : Card_name Provider\n - example: 210101 | SCB_Platinum JCB", "balance": 2}}, {"model": "acc_codes.rootaccount", "pk": 2102, "fields": {"name": "Account Payable", "guideline": "nan", "balance": 2}}, {"model": "acc_codes.rootaccount", "pk": 2103, "fields": {"name": "Accrued Expense", "guideline": "nan", "balance": 2}}, {"model": "acc_codes.rootaccount", "pk": 2104, "fields": {"name": "Taxed Payable", "guideline": "nan", "balance": 2}}, {"model": "acc_codes.rootaccount", "pk": 2201, "fields": {"name": "Long-term Debt", "guideline": "nan", "balance": 2}}, {"model": "acc_codes.rootaccount", "pk": 3001, "fields": {"name": "Stock", "guideline": "-", "balance": 2}}, {"model": "acc_codes.rootaccount", "pk": 3002, "fields": {"name": "Capital", "guideline": "Reserved for 300201: Contributions and 300202: Withdrawals", "balance": 2}}, {"model": "acc_codes.rootaccount", "pk": 3003, "fields": {"name": "Partnership Equity", "guideline": "-", "balance": 2}}, {"model": "acc_codes.rootaccount", "pk": 3004, "fields": {"name": "Other Equity", "guideline": "-", "balance": 2}}, {"model": "acc_codes.rootaccount", "pk": 3005, "fields": {"name": "Dividend", "guideline": "-", "balance": 2}}, {"model": "acc_codes.rootaccount", "pk": 4101, "fields": {"name": "Salary Revenue", "guideline": "-", "balance": 2}}, {"model": "acc_codes.rootaccount", "pk": 4102, "fields": {"name": "Wage Revenue", "guideline": "Description(Thai Only): Type 2, 6, 7", "balance": 2}}, {"model": "acc_codes.rootaccount", "pk": 4103, "fields": {"name": "Licensing Revenue", "guideline": "-", "balance": 2}}, {"model": "acc_codes.rootaccount", "pk": 4104, "fields": {"name": "Investment Revenue", "guideline": "-", "balance": 2}}, {"model": "acc_codes.rootaccount", "pk": 4105, "fields": {"name": "Rent Revenue", "guideline": "-", "balance": 2}}, {"model": "acc_codes.rootaccount", "pk": 4106, "fields": {"name": "Business Revenue", "guideline": "-", "balance": 2}}, {"model": "acc_codes.rootaccount", "pk": 4107, "fields": {"name": "Other Revenue", "guideline": "-", "balance": 2}}, {"model": "acc_codes.rootaccount", "pk": 4211, "fields": {"name": "Goods", "guideline": "-", "balance": 2}}, {"model": "acc_codes.rootaccount", "pk": 4212, "fields": {"name": "Services", "guideline": "-", "balance": 2}}, {"model": "acc_codes.rootaccount", "pk": 4213, "fields": {"name": "Products", "guideline": "-", "balance": 2}}, {"model": "acc_codes.rootaccount", "pk": 4214, "fields": {"name": "Subscriptions", "guideline": "-", "balance": 2}}, {"model": "acc_codes.rootaccount", "pk": 5101, "fields": {"name": "Food Expense", "guideline": "-", "balance": 1}}, {"model": "acc_codes.rootaccount", "pk": 5102, "fields": {"name": "Transportation Expense", "guideline": "-", "balance": 1}}, {"model": "acc_codes.rootaccount", "pk": 5103, "fields": {"name": "Shopping Expense", "guideline": "-", "balance": 1}}, {"model": "acc_codes.rootaccount", "pk": 5104, "fields": {"name": "Utilities Bill", "guideline": "-", "balance": 1}}, {"model": "acc_codes.rootaccount", "pk": 5105, "fields": {"name": "Health Expense", "guideline": "-", "balance": 1}}, {"model": "acc_codes.rootaccount", "pk": 5106, "fields": {"name": "Education Expense", "guideline": "-", "balance": 1}}, {"model": "acc_codes.rootaccount", "pk": 5107, "fields": {"name": "Social & Recreation Expense", "guideline": "-", "balance": 1}}, {"model": "acc_codes.rootaccount", "pk": 5108, "fields": {"name": "Family Expense", "guideline": "-", "balance": 1}}, {"model": "acc_codes.rootaccount", "pk": 5109, "fields": {"name": "Miscellaneous Expense", "guideline": "-", "balance": 1}}, {"model": "acc_codes.rootaccount", "pk": 5110, "fields": {"name": "Accommodation Expense", "guideline": "-", "balance": 1}}, {"model": "acc_codes.rootaccount", "pk": 5201, "fields": {"name": "Payroll", "guideline": "-", "balance": 1}}, {"model": "acc_codes.rootaccount", "pk": 5202, "fields": {"name": "Rent", "guideline": "-", "balance": 1}}, {"model": "acc_codes.rootaccount", "pk": 5203, "fields": {"name": "Repair and Maintenance", "guideline": "-", "balance": 1}}, {"model": "acc_codes.rootaccount", "pk": 5204, "fields": {"name": "Depreciation", "guideline": "-", "balance": 1}}, {"model": "acc_codes.rootaccount", "pk": 5205, "fields": {"name": "Utilities Expense", "guideline": "-", "balance": 1}}, {"model": "acc_codes.rootaccount", "pk": 5206, "fields": {"name": "Cost of Sales", "guideline": "-", "balance": 1}}, {"model": "acc_codes.rootaccount", "pk": 6100, "fields": {"name": "Operation Gains", "guideline": "nan", "balance": 2}}, {"model": "acc_codes.rootaccount", "pk": 6200, "fields": {"name": "Non-operation Gains", "guideline": "nan", "balance": 2}}, {"model": "acc_codes.rootaccount", "pk": 7100, "fields": {"name": "Operation Losses", "guideline": "nan", "balance": 1}}, {"model": "acc_codes.rootaccount", "pk": 7200, "fields": {"name": "Non-operation Losses", "guideline": "nan", "balance": 1}}, {"model": "acc_codes.account", "pk": 1, "fields": {"book": 2, "root": 1101, "sub_account": "01", "detailed_account": null, "code": "110101", "name": "Cash in hand", "balance": 1, "guideline": "coming soon", "monthly_budget": null, "created_by": 1}}, {"model": "acc_codes.account", "pk": 2, "fields": {"book": 2, "root": 3002, "sub_account": "01", "detailed_account": null, "code": "300201", "name": "Capital Contribution", "balance": 2, "guideline": "coming soon", "monthly_budget": null, "created_by": 1}}, {"model": "acc_codes.account", "pk": 3, "fields": {"book": 2, "root": 3002, "sub_account": "02", "detailed_account": null, "code": "300202", "name": "Capital Withdrawal", "balance": 1, "guideline": "coming soon", "monthly_budget": null, "created_by": 1}}, {"model": "acc_codes.account", "pk": 4, "fields": {"book": 2, "root": 3001, "sub_account": "01", "detailed_account": null, "code": "300101", "name": "Preferred Stock", "balance": 2, "guideline": "coming soon", "monthly_budget": null, "created_by": 1}}, {"model": "acc_codes.account", "pk": 5, "fields": {"book": 2, "root": 3001, "sub_account": "02", "detailed_account": null, "code": "300102", "name": "Additional Paid-in Capital", "balance": 2, "guideline": "coming soon", "monthly_budget": null, "created_by": 1}}, {"model": "acc_codes.account", "pk": 6, "fields": {"book": 2, "root": 3001, "sub_account": "03", "detailed_account": null, "code": "300103", "name": "Retained Earning", "balance": 2, "guideline": "coming soon", "monthly_budget": null, "created_by": 1}}, {"model": "acc_codes.account", "pk": 7, "fields": {"book": 2, "root": 3001, "sub_account": "04", "detailed_account": null, "code": "300104", "name": "Other Comprehensive Income", "balance": 2, "guideline": "coming soon", "monthly_budget": null, "created_by": 1}}, {"model": "acc_codes.account", "pk": 8, "fields": {"book": 2, "root": 3001, "sub_account": "05", "detailed_account": null, "code": "300105", "name": "Treasury Stock", "balance": 2, "guideline": "coming soon", "monthly_budget": null, "created_by": 1}}, {"model": "acc_codes.account", "pk": 9, "fields": {"book": 2, "root": 1102, "sub_account": "02", "detailed_account": null, "code": "110202", "name": "ゆうちょ 1861", "balance": null, "guideline": "", "monthly_budget": null, "created_by": 1}}, {"model": "acc_codes.account", "pk": 10, "fields": {"book": 2, "root": 1102, "sub_account": "01", "detailed_account": "01", "code": "110201-01", "name": "KBank 0333 (J-checking)", "balance": null, "guideline": "", "monthly_budget": null, "created_by": 1}}, {"model": "acc_codes.account", "pk": 11, "fields": {"book": 2, "root": 1102, "sub_account": "01", "detailed_account": "02", "code": "110201-02", "name": "KBank 2911 (T-checking)", "balance": null, "guideline": "", "monthly_budget": null, "created_by": 1}}, {"model": "acc_codes.account", "pk": 12, "fields": {"book": 2, "root": 1102, "sub_account": "01", "detailed_account": "03", "code": "110201-03", "name": "KBank 8119 (Room 723)", "balance": null, "guideline": "", "monthly_budget": null, "created_by": 1}}, {"model": "acc_codes.account", "pk": 13, "fields": {"book": 2, "root": 1103, "sub_account": "01", "detailed_account": null, "code": "110301", "name": "Suica IC", "balance": null, "guideline": "", "monthly_budget": null, "created_by": 1}}, {"model": "acc_codes.account", "pk": 14, "fields": {"book": 2, "root": 1103, "sub_account": "02", "detailed_account": null, "code": "110302", "name": "FamiPay", "balance": null, "guideline": "", "monthly_budget": null, "created_by": 1}}, {"model": "acc_codes.account", "pk": 15, "fields": {"book": 2, "root": 1103, "sub_account": "03", "detailed_account": null, "code": "110303", "name": "PayPay", "balance": null, "guideline": "", "monthly_budget": null, "created_by": 1}}, {"model": "acc_codes.account", "pk": 16, "fields": {"book": 2, "root": 1103, "sub_account": "04", "detailed_account": null, "code": "110304", "name": "MerPay", "balance": null, "guideline": "", "monthly_budget": null, "created_by": 1}}, {"model": "acc_codes.account", "pk": 17, "fields": {"book": 2, "root": 1104, "sub_account": "01", "detailed_account": null, "code": "110401", "name": "YouTrip", "balance": null, "guideline": "", "monthly_budget": null, "created_by": 1}}, {"model": "acc_codes.account", "pk": 18, "fields": {"book": 2, "root": 1104, "sub_account": "02", "detailed_account": null, "code": "110402", "name": "Boarding Card", "balance": null, "guideline": "", "monthly_budget": null, "created_by": 1}}, {"model": "acc_codes.account", "pk": 19, "fields": {"book": 2, "root": 1105, "sub_account": "01", "detailed_account": null, "code": "110501", "name": "Dad AR", "balance": null, "guideline": "", "monthly_budget": null, "created_by": 1}}, {"model": "acc_codes.account", "pk": 20, "fields": {"book": 2, "root": 1106, "sub_account": "01", "detailed_account": null, "code": "110601", "name": "SuperHotel AW", "balance": null, "guideline": "Payment Date: 25th", "monthly_budget": null, "created_by": 1}}, {"model": "acc_codes.account", "pk": 21, "fields": {"book": 2, "root": 1106, "sub_account": "02", "detailed_account": null, "code": "110602", "name": "En AW", "balance": null, "guideline": "", "monthly_budget": null, "created_by": 1}}, {"model": "acc_codes.account", "pk": 22, "fields": {"book": 2, "root": 1106, "sub_account": "03", "detailed_account": null, "code": "110603", "name": "Katsuya AW", "balance": null, "guideline": "", "monthly_budget": null, "created_by": 1}}, {"model": "acc_codes.account", "pk": 23, "fields": {"book": 2, "root": 2101, "sub_account": "01", "detailed_account": null, "code": "210101", "name": "MerCard", "balance": null, "guideline": "Limit Amount : 10,000 円", "monthly_budget": null, "created_by": 1}}, {"model": "acc_codes.account", "pk": 24, "fields": {"book": 2, "root": 2101, "sub_account": "02", "detailed_account": null, "code": "210102", "name": "Kbank The Passion VISA", "balance": null, "guideline": "", "monthly_budget": null, "created_by": 1}}, {"model": "acc_codes.account", "pk": 25, "fields": {"book": 2, "root": 2101, "sub_account": "03", "detailed_account": null, "code": "210103", "name": "SCB JCB Platinum", "balance": null, "guideline": "", "monthly_budget": null, "created_by": 1}}, {"model": "acc_codes.account", "pk": 26, "fields": {"book": 2, "root": 2102, "sub_account": "01", "detailed_account": null, "code": "210201", "name": "Mom AP", "balance": null, "guideline": "", "monthly_budget": null, "created_by": 1}}, {"model": "acc_codes.account", "pk": 27, "fields": {"book": 2, "root": 4102, "sub_account": "01", "detailed_account": null, "code": "410201", "name": "SuperHotel Wage", "balance": null, "guideline": "", "monthly_budget": null, "created_by": 1}}, {"model": "acc_codes.account", "pk": 28, "fields": {"book": 2, "root": 4102, "sub_account": "02", "detailed_account": null, "code": "410202", "name": "En Wage", "balance": null, "guideline": "", "monthly_budget": null, "created_by": 1}}, {"model": "acc_codes.account", "pk": 29, "fields": {"book": 2, "root": 4102, "sub_account": "03", "detailed_account": null, "code": "410203", "name": "Katsuya Wage", "balance": null, "guideline": "", "monthly_budget": null, "created_by": 1}}, {"model": "acc_codes.account", "pk": 30, "fields": {"book": 2, "root": 4104, "sub_account": "01", "detailed_account": null, "code": "410401", "name": "KBank Deposit Interest", "balance": null, "guideline": "", "monthly_budget": null, "created_by": 1}}, {"model": "acc_codes.account", "pk": 31, "fields": {"book": 2, "root": 4104, "sub_account": "02", "detailed_account": null, "code": "410402", "name": "ゆうちょ Deposit Interest", "balance": null, "guideline": "", "monthly_budget": null, "created_by": 1}}, {"model": "acc_codes.account", "pk": 32, "fields": {"book": 2, "root": 4107, "sub_account": "01", "detailed_account": null, "code": "410701", "name": "JASSO Scholarship", "balance": null, "guideline": "Duraion: 1 year (2024/4-2025/3)", "monthly_budget": null, "created_by": 1}}, {"model": "acc_codes.account", "pk": 33, "fields": {"book": 2, "root": 4107, "sub_account": "02", "detailed_account": "01", "code": "410702-01", "name": "Allowance from Dad", "balance": null, "guideline": "Monthly Amount: 40,000 円", "monthly_budget": null, "created_by": 1}}, {"model": "acc_codes.account", "pk": 34, "fields": {"book": 2, "root": 4107, "sub_account": "02", "detailed_account": "02", "code": "410702-02", "name": "Allowance from Mom", "balance": null, "guideline": "", "monthly_budget": null, "created_by": 1}}, {"model": "acc_codes.account", "pk": 35, "fields": {"book": 2, "root": 5101, "sub_account": "01", "detailed_account": null, "code": "510101", "name": "MealPrep", "balance": null, "guideline": "Main Ingredient:\r\n- Veg\r\nCabbage\r\nGreen Cabbage\r\nCarrot\r\nPumpkin\r\nPotato\r\nBean Sprout\r\n\r\n- Cond\r\nOnion\r\nGarlic\r\nChilly\r\n\r\n- Protein\r\nTofu\r\nNutto\r\nEgg\r\nMushroom\r\n\r\n- Carb\r\nBread\r\nUdon\r\nRice", "monthly_budget": null, "created_by": 1}}, {"model": "acc_codes.account", "pk": 36, "fields": {"book": 2, "root": 5101, "sub_account": "02", "detailed_account": null, "code": "510102", "name": "Snack", "balance": null, "guideline": "Milk\r\nSoy Milk\r\nPeanut\r\nBakery", "monthly_budget": null, "created_by": 1}}, {"model": "acc_codes.account", "pk": 37, "fields": {"book": 2, "root": 5101, "sub_account": "03", "detailed_account": null, "code": "510103", "name": "Eat-out", "balance": null, "guideline": "", "monthly_budget": null, "created_by": 1}}, {"model": "acc_codes.account", "pk": 38, "fields": {"book": 2, "root": 5102, "sub_account": "01", "detailed_account": null, "code": "510201", "name": "Commuter Pass", "balance": null, "guideline": "埼京線：十条駅→池袋駅\r\n１ヵ月:　 2,710　¥\r\n３ヵ月:　 7,730　¥\r\n６ヵ月:　14,650　¥", "monthly_budget": null, "created_by": 1}}, {"model": "acc_codes.account", "pk": 39, "fields": {"book": 2, "root": 5102, "sub_account": "02", "detailed_account": null, "code": "510202", "name": "Non-Commuter Pass", "balance": null, "guideline": "", "monthly_budget": null, "created_by": 1}}, {"model": "acc_codes.account", "pk": 40, "fields": {"book": 2, "root": 5103, "sub_account": "01", "detailed_account": null, "code": "510301", "name": "Glocery", "balance": null, "guideline": "", "monthly_budget": null, "created_by": 1}}, {"model": "acc_codes.account", "pk": 41, "fields": {"book": 2, "root": 5103, "sub_account": "02", "detailed_account": null, "code": "510302", "name": "Appliances and Gadgets", "balance": null, "guideline": "", "monthly_budget": null, "created_by": 1}}, {"model": "acc_codes.account", "pk": 42, "fields": {"book": 2, "root": 5103, "sub_account": "03", "detailed_account": null, "code": "510303", "name": "Clothing", "balance": null, "guideline": "", "monthly_budget": null, "created_by": 1}}, {"model": "acc_codes.account", "pk": 43, "fields": {"book": 2, "root": 5104, "sub_account": "01", "detailed_account": null, "code": "510401", "name": "STEP CLOUD Utilities", "balance": null, "guideline": "", "monthly_budget": null, "created_by": 1}}, {"model": "acc_codes.account", "pk": 44, "fields": {"book": 2, "root": 5105, "sub_account": "01", "detailed_account": null, "code": "510501", "name": "National Health Insurance", "balance": null, "guideline": "", "monthly_budget": null, "created_by": 1}}, {"model": "acc_codes.account", "pk": 45, "fields": {"book": 2, "root": 5105, "sub_account": "02", "detailed_account": null, "code": "510502", "name": "Medical Bills", "balance": null, "guideline": "", "monthly_budget": null, "created_by": 1}}, {"model": "acc_codes.account", "pk": 46, "fields": {"book": 2, "root": 5106, "sub_account": "01", "detailed_account": null, "code": "510601", "name": "TIU Tuition Fee", "balance": null, "guideline": "2024/4  : 410,000\r\n2024/10 : 410,000\r\n2025/4  : 460,000\r\n2025/10 : 460,000\r\n2026/4  : 460,000\r\n2026/10 : 460,000", "monthly_budget": null, "created_by": 1}}, {"model": "acc_codes.account", "pk": 47, "fields": {"book": 2, "root": 5107, "sub_account": "01", "detailed_account": null, "code": "510701", "name": "Meal Treat", "balance": null, "guideline": "", "monthly_budget": null, "created_by": 1}}, {"model": "acc_codes.account", "pk": 48, "fields": {"book": 2, "root": 5109, "sub_account": "00", "detailed_account": null, "code": "510900", "name": "Other Expenses", "balance": null, "guideline": "", "monthly_budget": null, "created_by": 1}}, {"model": "acc_codes.account", "pk": 49, "fields": {"book": 2, "root": 5109, "sub_account": "01", "detailed_account": null, "code": "510901", "name": "Services Fee", "balance": null, "guideline": "", "monthly_budget": null, "created_by": 1}}, {"model": "acc_codes.account", "pk": 50, "fields": {"book": 2, "root": 5110, "sub_account": "01", "detailed_account": null, "code": "511001", "name": "STEP CLOUD Rent", "balance": null, "guideline": "", "monthly_budget": null, "created_by": 1}}, {"model": "acc_codes.account", "pk": 51, "fields": {"book": 2, "root": 5106, "sub_account": "02", "detailed_account": null, "code": "510602", "name": "Book", "balance": null, "guideline": "", "monthly_budget": null, "created_by": 1}}, {"model": "acc_codes.account", "pk": 52, "fields": {"book": 2, "root": 1202, "sub_account": "01", "detailed_account": null, "code": "120201", "name": "Personal Gadgets", "balance": null, "guideline": "", "monthly_budget": null, "created_by": 1}}, {"model": "acc_codes.account", "pk": 54, "fields": {"book": 2, "root": 6200, "sub_account": "00", "detailed_account": null, "code": "620000", "name": "Non-operation Gains", "balance": null, "guideline": "", "monthly_budget": null, "created_by": 1}}, {"model": "acc_codes.account", "pk": 55, "fields": {"book": 2, "root": 6100, "sub_account": "00", "detailed_account": null, "code": "610000", "name": "Operation Gains", "balance": null, "guideline": "", "monthly_budget": null, "created_by": 1}}, {"model": "acc_codes.account", "pk": 56, "fields": {"book": 2, "root": 7100, "sub_account": "00", "detailed_account": null, "code": "710000", "name": "Operation Losses", "balance": null, "guideline": "", "monthly_budget": null, "created_by": 1}}, {"model": "acc_codes.account", "pk": 57, "fields": {"book": 2, "root": 7200, "sub_account": "00", "detailed_account": null, "code": "720000", "name": "Non-operation Losses", "balance": null, "guideline": "", "monthly_budget": null, "created_by": 1}}, {"model": "acc_codes.account", "pk": 58, "fields": {"book": 3, "root": 1101, "sub_account": "01", "detailed_account": null, "code": "110101", "name": "Cash in hand", "balance": 1, "guideline": "nan", "monthly_budget": null, "created_by": 1}}, {"model": "acc_codes.account", "pk": 59, "fields": {"book": 3, "root": 3002, "sub_account": "01", "detailed_account": null, "code": "300201", "name": "Capital Contribution", "balance": 2, "guideline": "nan", "monthly_budget": null, "created_by": 1}}, {"model": "acc_codes.account", "pk": 60, "fields": {"book": 3, "root": 3002, "sub_account": "02", "detailed_account": null, "code": "300202", "name": "Capital Withdrawal", "balance": 1, "guideline": "nan", "monthly_budget": null, "created_by": 1}}, {"model": "acc_codes.account", "pk": 61, "fields": {"book": 3, "root": 3001, "sub_account": "01", "detailed_account": null, "code": "300101", "name": "Preferred Stock", "balance": 2, "guideline": "nan", "monthly_budget": null, "created_by": 1}}, {"model": "acc_codes.account", "pk": 62, "fields": {"book": 3, "root": 3001, "sub_account": "02", "detailed_account": null, "code": "300102", "name": "Additional Paid-in Capital", "balance": 2, "guideline": "nan", "monthly_budget": null, "created_by": 1}}, {"model": "acc_codes.account", "pk": 63, "fields": {"book": 3, "root": 3001, "sub_account": "03", "detailed_account": null, "code": "300103", "name": "Retained Earning", "balance": 2, "guideline": "nan", "monthly_budget": null, "created_by": 1}}, {"model": "acc_codes.account", "pk": 64, "fields": {"book": 3, "root": 3001, "sub_account": "04", "detailed_account": null, "code": "300104", "name": "Other Comprehensive Income", "balance": 2, "guideline": "nan", "monthly_budget": null, "created_by": 1}}, {"model": "acc_codes.account", "pk": 65, "fields": {"book": 3, "root": 3001, "sub_account": "05", "detailed_account": null, "code": "300105", "name": "Treasury Stock", "balance": 2, "guideline": "nan", "monthly_budget": null, "created_by": 1}}, {"model": "acc_codes.account", "pk": 66, "fields": {"book": 3, "root": 6100, "sub_account": "00", "detailed_account": null, "code": "610000", "name": "Operation Gains", "balance": 2, "guideline": "nan", "monthly_budget": null, "created_by": 1}}, {"model": "acc_codes.account", "pk": 67, "fields": {"book": 3, "root": 6200, "sub_account": "00", "detailed_account": null, "code": "620000", "name": "Non-operation Gains", "balance": 2, "guideline": "nan", "monthly_budget": null, "created_by": 1}}, {"model": "acc_codes.account", "pk": 68, "fields": {"book": 3, "root": 7100, "sub_account": "00", "detailed_account": null, "code": "710000", "name": "Operation Losses", "balance": 1, "guideline": "nan", "monthly_budget": null, "created_by": 1}}, {"model": "acc_codes.account", "pk": 69, "fields": {"book": 3, "root": 7200, "sub_account": "00", "detailed_account": null, "code": "720000", "name": "Non-operation Losses", "balance": 1, "guideline": "nan", "monthly_budget": null, "created_by": 1}}, {"model": "acc_codes.account", "pk": 70, "fields": {"book": 2, "root": 5109, "sub_account": "02", "detailed_account": null, "code": "510902", "name": "Insurance Expense", "balance": null, "guideline": "", "monthly_budget": null, "created_by": 1}}, {"model": "transactions.transaction", "pk": 1, "fields": {"book": 2, "date": "2025-01-01", "intra_month_ref": 2, "description": "Being MealPrep paid by FamiPay", "slug": "ja2501-2", "has_receipt": true, "shop": 1, "created_by": 1, "created": "2025-01-03T10:00:09.278Z", "modified": "2025-01-13T08:59:15.200Z"}}, {"model": "transactions.transaction", "pk": 2, "fields": {"book": 2, "date": "2025-01-02", "intra_month_ref": 3, "description": "Being MealPrep paid by MerCard", "slug": "ja2501-3", "has_receipt": true, "shop": 1, "created_by": 1, "created": "2025-01-04T03:21:39.657Z", "modified": "2025-01-13T08:59:10.221Z"}}, {"model": "transactions.transaction", "pk": 3, "fields": {"book": 2, "date": "2025-01-03", "intra_month_ref": 4, "description": "Being Train Ticket paid by Suica IC.", "slug": "ja2501-4", "has_receipt": false, "shop": null, "created_by": 1, "created": "2025-01-05T05:06:16.959Z", "modified": "2025-01-13T08:59:06.716Z"}}, {"model": "transactions.transaction", "pk": 4, "fields": {"book": 2, "date": "2025-01-03", "intra_month_ref": 5, "description": "Being Snacks paid by PayPay", "slug": "ja2501-5", "has_receipt": false, "shop": null, "created_by": 1, "created": "2025-01-05T05:20:16.482Z", "modified": "2025-01-13T08:59:03.289Z"}}, {"model": "transactions.transaction", "pk": 5, "fields": {"book": 2, "date": "2025-01-04", "intra_month_ref": 6, "description": "Being MealPrep paid by MerCard", "slug": "ja2501-6", "has_receipt": true, "shop": null, "created_by": 1, "created": "2025-01-05T06:52:06.483Z", "modified": "2025-01-13T08:58:59.748Z"}}, {"model": "transactions.transaction", "pk": 8, "fields": {"book": 2, "date": "2025-01-04", "intra_month_ref": 7, "description": "Being Cash transfer to Suica IC", "slug": "ja2501-7", "has_receipt": true, "shop": null, "created_by": 1, "created": "2025-01-05T16:00:12.617Z", "modified": "2025-01-13T08:58:55.546Z"}}, {"model": "transactions.transaction", "pk": 9, "fields": {"book": 2, "date": "2025-01-01", "intra_month_ref": 1, "description": "Being previous year's balance brought into book", "slug": "ja2501-1", "has_receipt": false, "shop": null, "created_by": 1, "created": "2025-01-05T16:19:57.821Z", "modified": "2025-01-26T09:53:22.851Z"}}, {"model": "transactions.transaction", "pk": 10, "fields": {"book": 2, "date": "2025-01-06", "intra_month_ref": 8, "description": "Being MealPrep paid by PayPay", "slug": "ja2501-8", "has_receipt": false, "shop": null, "created_by": 1, "created": "2025-01-07T08:06:39.433Z", "modified": "2025-01-13T08:58:46.817Z"}}, {"model": "transactions.transaction", "pk": 11, "fields": {"book": 2, "date": "2025-01-07", "intra_month_ref": 9, "description": "Being MealPrep paid by MerCard", "slug": "ja2501-9", "has_receipt": true, "shop": 1, "created_by": 1, "created": "2025-01-07T14:58:05.514Z", "modified": "2025-01-13T08:58:39.741Z"}}, {"model": "transactions.transaction", "pk": 12, "fields": {"book": 2, "date": "2025-01-08", "intra_month_ref": 10, "description": "Being MealPrep paid by Cash-in-hand", "slug": "ja2501-10", "has_receipt": true, "shop": null, "created_by": 1, "created": "2025-01-08T05:09:17.124Z", "modified": "2025-01-12T02:22:56.955Z"}}, {"model": "transactions.transaction", "pk": 15, "fields": {"book": 2, "date": "2025-01-10", "intra_month_ref": 11, "description": "Being Snack paid by MerCard", "slug": "ja2501-11", "has_receipt": true, "shop": null, "created_by": 1, "created": "2025-01-11T00:53:42.309Z", "modified": "2025-01-13T08:59:27.321Z"}}, {"model": "transactions.transaction", "pk": 16, "fields": {"book": 2, "date": "2025-01-10", "intra_month_ref": 13, "description": "Being Service Fee paid by Cash", "slug": "ja2501-13", "has_receipt": true, "shop": null, "created_by": 1, "created": "2025-01-11T04:12:38.515Z", "modified": "2025-01-12T01:34:28.616Z"}}, {"model": "transactions.transaction", "pk": 17, "fields": {"book": 2, "date": "2025-01-10", "intra_month_ref": 12, "description": "Being Service Fee paid by Cash", "slug": "ja2501-12", "has_receipt": true, "shop": null, "created_by": 1, "created": "2025-01-11T04:13:39.589Z", "modified": "2025-01-13T08:59:31.417Z"}}, {"model": "transactions.transaction", "pk": 18, "fields": {"book": 2, "date": "2025-01-11", "intra_month_ref": 14, "description": "Being MealPrep paid by MerCard", "slug": "ja2501-14", "has_receipt": true, "shop": null, "created_by": 1, "created": "2025-01-11T04:14:46.065Z", "modified": "2025-01-13T08:59:36.070Z"}}, {"model": "transactions.transaction", "pk": 21, "fields": {"book": 2, "date": "2025-01-13", "intra_month_ref": 15, "description": "Being MealPrep paid by MerCard", "slug": "ja2501-15", "has_receipt": true, "shop": 2, "created_by": 1, "created": "2025-01-13T08:59:45.674Z", "modified": "2025-01-26T06:23:34.527Z"}}, {"model": "transactions.transaction", "pk": 22, "fields": {"book": 2, "date": "2025-01-10", "intra_month_ref": 16, "description": "Being Katsuya Wage transfer to ゆうちょ", "slug": "ja2501-16", "has_receipt": false, "shop": null, "created_by": 1, "created": "2025-01-13T12:26:14.625Z", "modified": "2025-01-16T13:10:11.751Z"}}, {"model": "transactions.transaction", "pk": 23, "fields": {"book": 2, "date": "2025-01-06", "intra_month_ref": 17, "description": "Being NHI paid by ゆうちよ", "slug": "ja2501-17", "has_receipt": false, "shop": null, "created_by": 1, "created": "2025-01-13T12:27:53.498Z", "modified": "2025-01-13T12:27:53.498Z"}}, {"model": "transactions.transaction", "pk": 24, "fields": {"book": 2, "date": "2025-01-14", "intra_month_ref": 18, "description": "Being Superhotel Wage transfer to ゆうちょ", "slug": "ja2501-18", "has_receipt": false, "shop": null, "created_by": 1, "created": "2025-01-16T10:09:05.120Z", "modified": "2025-01-25T03:40:12.031Z"}}, {"model": "transactions.transaction", "pk": 25, "fields": {"book": 2, "date": "2025-01-16", "intra_month_ref": 19, "description": "Being MealPrep paid by MerCard", "slug": "ja2501-19", "has_receipt": true, "shop": 1, "created_by": 1, "created": "2025-01-16T10:10:23.036Z", "modified": "2025-01-16T10:10:23.036Z"}}, {"model": "transactions.transaction", "pk": 26, "fields": {"book": 2, "date": "2025-01-16", "intra_month_ref": 20, "description": "Being Book purschased with PayPay", "slug": "ja2501-20", "has_receipt": false, "shop": null, "created_by": 1, "created": "2025-01-16T10:35:19.676Z", "modified": "2025-01-16T11:25:30.267Z"}}, {"model": "transactions.transaction", "pk": 27, "fields": {"book": 2, "date": "2025-01-17", "intra_month_ref": 21, "description": "Being Snack paid by MerCard", "slug": "ja2501-21", "has_receipt": true, "shop": null, "created_by": 1, "created": "2025-01-17T15:58:25.427Z", "modified": "2025-01-17T15:58:25.427Z"}}, {"model": "transactions.transaction", "pk": 28, "fields": {"book": 2, "date": "2025-01-17", "intra_month_ref": 22, "description": "Being Snack paid by Paypay", "slug": "ja2501-22", "has_receipt": true, "shop": null, "created_by": 1, "created": "2025-01-17T15:59:22.782Z", "modified": "2025-01-17T17:40:42.220Z"}}, {"model": "transactions.transaction", "pk": 29, "fields": {"book": 2, "date": "2025-01-18", "intra_month_ref": 23, "description": "Being ゆうちょ transfer to Paypay", "slug": "ja2501-23", "has_receipt": false, "shop": null, "created_by": 1, "created": "2025-01-17T17:22:13.430Z", "modified": "2025-01-17T17:22:13.430Z"}}, {"model": "transactions.transaction", "pk": 30, "fields": {"book": 2, "date": "2025-01-18", "intra_month_ref": 24, "description": "Being ゆうちょ transfer to Paypay", "slug": "ja2501-24", "has_receipt": false, "shop": null, "created_by": 1, "created": "2025-01-17T17:22:40.168Z", "modified": "2025-01-17T17:22:40.168Z"}}, {"model": "transactions.transaction", "pk": 31, "fields": {"book": 2, "date": "2025-01-18", "intra_month_ref": 25, "description": "Being Paypay paid to Dad accrual", "slug": "ja2501-25", "has_receipt": false, "shop": null, "created_by": 1, "created": "2025-01-17T17:31:06.592Z", "modified": "2025-01-17T17:31:06.592Z"}}, {"model": "transactions.transaction", "pk": 32, "fields": {"book": 2, "date": "2025-01-18", "intra_month_ref": 26, "description": "Being MealPrep paid by MerCard", "slug": "ja2501-26", "has_receipt": true, "shop": 2, "created_by": 1, "created": "2025-01-18T06:19:11.790Z", "modified": "2025-01-18T06:19:11.790Z"}}, {"model": "transactions.transaction", "pk": 33, "fields": {"book": 2, "date": "2025-01-18", "intra_month_ref": 27, "description": "Being Clothing paid by Mercard", "slug": "ja2501-27", "has_receipt": false, "shop": null, "created_by": 1, "created": "2025-01-19T16:15:39.255Z", "modified": "2025-01-21T01:21:02.119Z"}}, {"model": "transactions.transaction", "pk": 34, "fields": {"book": 2, "date": "2025-01-20", "intra_month_ref": 28, "description": "Being MealPrep paid by MerCard", "slug": "ja2501-28", "has_receipt": true, "shop": 1, "created_by": 1, "created": "2025-01-20T04:25:12.696Z", "modified": "2025-01-21T01:21:49.639Z"}}, {"model": "transactions.transaction", "pk": 35, "fields": {"book": 2, "date": "2025-01-06", "intra_month_ref": 29, "description": "Being MealPrep paid by MerCard", "slug": "ja2501-29", "has_receipt": true, "shop": 1, "created_by": 1, "created": "2025-01-21T01:27:03.212Z", "modified": "2025-01-23T16:28:11.241Z"}}, {"model": "transactions.transaction", "pk": 36, "fields": {"book": 2, "date": "2025-01-21", "intra_month_ref": 30, "description": "Being Cash transfer to Dad accrual", "slug": "ja2501-30", "has_receipt": true, "shop": null, "created_by": 1, "created": "2025-01-21T08:17:37.940Z", "modified": "2025-02-04T23:37:07.114Z"}}, {"model": "transactions.transaction", "pk": 37, "fields": {"book": 2, "date": "2025-01-21", "intra_month_ref": 31, "description": "Being Service Fee paid by Cash", "slug": "ja2501-31", "has_receipt": true, "shop": null, "created_by": 1, "created": "2025-01-21T08:18:32.237Z", "modified": "2025-01-21T08:18:32.237Z"}}, {"model": "transactions.transaction", "pk": 38, "fields": {"book": 2, "date": "2025-01-23", "intra_month_ref": 32, "description": "Being MealPrep paid by Mercard", "slug": "ja2501-32", "has_receipt": true, "shop": 1, "created_by": 1, "created": "2025-01-23T16:26:01.722Z", "modified": "2025-01-23T16:26:01.722Z"}}, {"model": "transactions.transaction", "pk": 39, "fields": {"book": 2, "date": "2025-01-24", "intra_month_ref": 33, "description": "Being MealPrep paid in cash", "slug": "ja2501-33", "has_receipt": true, "shop": null, "created_by": 1, "created": "2025-01-24T03:10:56.554Z", "modified": "2025-02-07T02:03:34.528Z"}}, {"model": "transactions.transaction", "pk": 40, "fields": {"book": 2, "date": "2025-01-24", "intra_month_ref": 34, "description": "Being SuperHotel AW transfer to ゆうちょ", "slug": "ja2501-34", "has_receipt": false, "shop": null, "created_by": 1, "created": "2025-01-25T03:42:14.350Z", "modified": "2025-01-25T03:42:14.350Z"}}, {"model": "transactions.transaction", "pk": 41, "fields": {"book": 2, "date": "2025-01-24", "intra_month_ref": 35, "description": "Being En AW transfer to ゆうちょ", "slug": "ja2501-35", "has_receipt": false, "shop": null, "created_by": 1, "created": "2025-01-25T03:44:11.357Z", "modified": "2025-01-25T03:44:11.357Z"}}, {"model": "transactions.transaction", "pk": 42, "fields": {"book": 2, "date": "2025-01-26", "intra_month_ref": 36, "description": "Being Snack calculated from MealPrep", "slug": "ja2501-36", "has_receipt": false, "shop": null, "created_by": 1, "created": "2025-01-26T09:49:45.493Z", "modified": "2025-01-27T14:52:58.718Z"}}, {"model": "transactions.transaction", "pk": 43, "fields": {"book": 2, "date": "2025-01-26", "intra_month_ref": 37, "description": "Being ゆうちょ transfer to MerPay", "slug": "ja2501-37", "has_receipt": false, "shop": null, "created_by": 1, "created": "2025-01-27T05:04:33.583Z", "modified": "2025-01-27T05:04:33.583Z"}}, {"model": "transactions.transaction", "pk": 44, "fields": {"book": 2, "date": "2025-01-26", "intra_month_ref": 38, "description": "Being Rent paid by ゆうちょ", "slug": "ja2501-38", "has_receipt": false, "shop": null, "created_by": 1, "created": "2025-01-27T05:05:54.977Z", "modified": "2025-02-07T04:44:50.120Z"}}, {"model": "transactions.transaction", "pk": 45, "fields": {"book": 2, "date": "2025-01-26", "intra_month_ref": 39, "description": "Being Saxophone purchased by MerPay", "slug": "ja2501-39", "has_receipt": false, "shop": null, "created_by": 1, "created": "2025-01-27T05:08:38.058Z", "modified": "2025-01-27T05:08:38.058Z"}}, {"model": "transactions.transaction", "pk": 46, "fields": {"book": 2, "date": "2025-01-27", "intra_month_ref": 40, "description": "Being MealPrep paid by MarCard", "slug": "ja2501-40", "has_receipt": true, "shop": 1, "created_by": 1, "created": "2025-01-27T06:18:17.194Z", "modified": "2025-02-07T02:05:08.154Z"}}, {"model": "transactions.transaction", "pk": 47, "fields": {"book": 2, "date": "2025-01-27", "intra_month_ref": 41, "description": "Being JASSO received to ゆうちょ", "slug": "ja2501-41", "has_receipt": false, "shop": null, "created_by": 1, "created": "2025-01-28T01:59:33.770Z", "modified": "2025-01-28T01:59:33.770Z"}}, {"model": "transactions.transaction", "pk": 48, "fields": {"book": 2, "date": "2025-01-31", "intra_month_ref": 42, "description": "Being NHI paid with ゆうちょ", "slug": "ja2501-42", "has_receipt": false, "shop": null, "created_by": 1, "created": "2025-02-01T05:29:16.483Z", "modified": "2025-02-01T05:29:16.483Z"}}, {"model": "transactions.transaction", "pk": 49, "fields": {"book": 2, "date": "2025-01-31", "intra_month_ref": 43, "description": "Being gain received", "slug": "ja2501-43", "has_receipt": true, "shop": null, "created_by": 1, "created": "2025-02-01T05:32:26.767Z", "modified": "2025-02-07T01:58:41.654Z"}}, {"model": "transactions.transaction", "pk": 50, "fields": {"book": 2, "date": "2025-02-01", "intra_month_ref": 1, "description": "Being MerCard paid with ゆうちょ", "slug": "ja2502-1", "has_receipt": false, "shop": null, "created_by": 1, "created": "2025-02-01T06:35:11.892Z", "modified": "2025-02-04T01:47:13.042Z"}}, {"model": "transactions.transaction", "pk": 51, "fields": {"book": 2, "date": "2025-02-01", "intra_month_ref": 2, "description": "Being Book purchased with MerCard", "slug": "ja2502-2", "has_receipt": true, "shop": null, "created_by": 1, "created": "2025-02-01T09:16:08.203Z", "modified": "2025-02-01T09:16:08.203Z"}}, {"model": "transactions.transaction", "pk": 52, "fields": {"book": 2, "date": "2025-02-01", "intra_month_ref": 3, "description": "Being MealPrep paid by MerCard", "slug": "ja2502-3", "has_receipt": true, "shop": null, "created_by": 1, "created": "2025-02-01T09:17:25.814Z", "modified": "2025-02-06T09:30:54.042Z"}}, {"model": "transactions.transaction", "pk": 53, "fields": {"book": 2, "date": "2025-02-04", "intra_month_ref": 4, "description": "Being Cash received", "slug": "ja2502-4", "has_receipt": false, "shop": null, "created_by": 1, "created": "2025-02-04T01:43:37.659Z", "modified": "2025-02-06T03:26:17.984Z"}}, {"model": "transactions.transaction", "pk": 54, "fields": {"book": 2, "date": "2025-02-04", "intra_month_ref": 5, "description": "Being MealPrep paid with Suica", "slug": "ja2502-5", "has_receipt": true, "shop": null, "created_by": 1, "created": "2025-02-04T07:36:48.865Z", "modified": "2025-02-06T09:30:39.115Z"}}, {"model": "transactions.transaction", "pk": 55, "fields": {"book": 2, "date": "2025-02-04", "intra_month_ref": 6, "description": "Being Snack paid by Famipay", "slug": "ja2502-6", "has_receipt": true, "shop": null, "created_by": 1, "created": "2025-02-04T23:35:05.899Z", "modified": "2025-02-06T09:31:41.003Z"}}, {"model": "transactions.transaction", "pk": 56, "fields": {"book": 2, "date": "2025-02-05", "intra_month_ref": 7, "description": "Being Snack paid with Famipay", "slug": "ja2502-7", "has_receipt": true, "shop": null, "created_by": 1, "created": "2025-02-06T10:01:42.455Z", "modified": "2025-02-06T10:02:05.796Z"}}, {"model": "transactions.transaction", "pk": 57, "fields": {"book": 2, "date": "2025-01-30", "intra_month_ref": 44, "description": "Being MealPrep paid in cash", "slug": "ja2501-44", "has_receipt": true, "shop": null, "created_by": 1, "created": "2025-02-07T02:06:33.935Z", "modified": "2025-02-07T02:08:22.467Z"}}, {"model": "transactions.transaction", "pk": 59, "fields": {"book": 2, "date": "2025-02-05", "intra_month_ref": 8, "description": "Being MealPrep paid in cash", "slug": "ja2502-8", "has_receipt": true, "shop": null, "created_by": 1, "created": "2025-02-07T02:08:00.660Z", "modified": "2025-02-07T02:08:43.838Z"}}, {"model": "transactions.entry", "pk": 1, "fields": {"transaction": 1, "account": 35, "entry_type": 1, "amount": "486.00"}}, {"model": "transactions.entry", "pk": 2, "fields": {"transaction": 1, "account": 14, "entry_type": 2, "amount": "486.00"}}, {"model": "transactions.entry", "pk": 3, "fields": {"transaction": 2, "account": 35, "entry_type": 1, "amount": "939.00"}}, {"model": "transactions.entry", "pk": 4, "fields": {"transaction": 2, "account": 23, "entry_type": 2, "amount": "939.00"}}, {"model": "transactions.entry", "pk": 5, "fields": {"transaction": 3, "account": 39, "entry_type": 1, "amount": "167.00"}}, {"model": "transactions.entry", "pk": 6, "fields": {"transaction": 3, "account": 13, "entry_type": 2, "amount": "167.00"}}, {"model": "transactions.entry", "pk": 7, "fields": {"transaction": 4, "account": 15, "entry_type": 2, "amount": "135.00"}}, {"model": "transactions.entry", "pk": 8, "fields": {"transaction": 4, "account": 36, "entry_type": 1, "amount": "135.00"}}, {"model": "transactions.entry", "pk": 9, "fields": {"transaction": 5, "account": 35, "entry_type": 1, "amount": "1372.00"}}, {"model": "transactions.entry", "pk": 10, "fields": {"transaction": 5, "account": 23, "entry_type": 2, "amount": "1372.00"}}, {"model": "transactions.entry", "pk": 11, "fields": {"transaction": 8, "account": 13, "entry_type": 1, "amount": "900.00"}}, {"model": "transactions.entry", "pk": 12, "fields": {"transaction": 8, "account": 1, "entry_type": 2, "amount": "900.00"}}, {"model": "transactions.entry", "pk": 13, "fields": {"transaction": 9, "account": 1, "entry_type": 1, "amount": "7951.00"}}, {"model": "transactions.entry", "pk": 14, "fields": {"transaction": 9, "account": 9, "entry_type": 1, "amount": "255456.00"}}, {"model": "transactions.entry", "pk": 15, "fields": {"transaction": 9, "account": 13, "entry_type": 1, "amount": "172.00"}}, {"model": "transactions.entry", "pk": 16, "fields": {"transaction": 9, "account": 14, "entry_type": 1, "amount": "2064.00"}}, {"model": "transactions.entry", "pk": 17, "fields": {"transaction": 9, "account": 15, "entry_type": 1, "amount": "736.00"}}, {"model": "transactions.entry", "pk": 18, "fields": {"transaction": 9, "account": 17, "entry_type": 1, "amount": "10558.00"}}, {"model": "transactions.entry", "pk": 19, "fields": {"transaction": 9, "account": 23, "entry_type": 1, "amount": "1.00"}}, {"model": "transactions.entry", "pk": 20, "fields": {"transaction": 9, "account": 2, "entry_type": 2, "amount": "409656.00"}}, {"model": "transactions.entry", "pk": 21, "fields": {"transaction": 10, "account": 35, "entry_type": 1, "amount": "236.00"}}, {"model": "transactions.entry", "pk": 22, "fields": {"transaction": 10, "account": 15, "entry_type": 2, "amount": "236.00"}}, {"model": "transactions.entry", "pk": 23, "fields": {"transaction": 11, "account": 35, "entry_type": 1, "amount": "693.00"}}, {"model": "transactions.entry", "pk": 24, "fields": {"transaction": 11, "account": 23, "entry_type": 2, "amount": "693.00"}}, {"model": "transactions.entry", "pk": 25, "fields": {"transaction": 9, "account": 20, "entry_type": 1, "amount": "57488.00"}}, {"model": "transactions.entry", "pk": 26, "fields": {"transaction": 9, "account": 21, "entry_type": 1, "amount": "24946.00"}}, {"model": "transactions.entry", "pk": 27, "fields": {"transaction": 9, "account": 22, "entry_type": 1, "amount": "18084.00"}}, {"model": "transactions.entry", "pk": 28, "fields": {"transaction": 12, "account": 35, "entry_type": 1, "amount": "496.00"}}, {"model": "transactions.entry", "pk": 29, "fields": {"transaction": 12, "account": 1, "entry_type": 2, "amount": "496.00"}}, {"model": "transactions.entry", "pk": 30, "fields": {"transaction": 15, "account": 36, "entry_type": 1, "amount": "117.00"}}, {"model": "transactions.entry", "pk": 31, "fields": {"transaction": 15, "account": 23, "entry_type": 2, "amount": "117.00"}}, {"model": "transactions.entry", "pk": 32, "fields": {"transaction": 16, "account": 49, "entry_type": 1, "amount": "200.00"}}, {"model": "transactions.entry", "pk": 33, "fields": {"transaction": 16, "account": 1, "entry_type": 2, "amount": "200.00"}}, {"model": "transactions.entry", "pk": 34, "fields": {"transaction": 17, "account": 49, "entry_type": 1, "amount": "600.00"}}, {"model": "transactions.entry", "pk": 35, "fields": {"transaction": 17, "account": 1, "entry_type": 2, "amount": "600.00"}}, {"model": "transactions.entry", "pk": 36, "fields": {"transaction": 18, "account": 35, "entry_type": 1, "amount": "168.00"}}, {"model": "transactions.entry", "pk": 37, "fields": {"transaction": 18, "account": 23, "entry_type": 2, "amount": "168.00"}}, {"model": "transactions.entry", "pk": 38, "fields": {"transaction": 9, "account": 20, "entry_type": 1, "amount": "27050.00"}}, {"model": "transactions.entry", "pk": 39, "fields": {"transaction": 21, "account": 35, "entry_type": 1, "amount": "1224.00"}}, {"model": "transactions.entry", "pk": 40, "fields": {"transaction": 21, "account": 23, "entry_type": 2, "amount": "1224.00"}}, {"model": "transactions.entry", "pk": 41, "fields": {"transaction": 22, "account": 9, "entry_type": 1, "amount": "18084.00"}}, {"model": "transactions.entry", "pk": 42, "fields": {"transaction": 22, "account": 22, "entry_type": 2, "amount": "18084.00"}}, {"model": "transactions.entry", "pk": 43, "fields": {"transaction": 23, "account": 44, "entry_type": 1, "amount": "1960.00"}}, {"model": "transactions.entry", "pk": 44, "fields": {"transaction": 23, "account": 9, "entry_type": 2, "amount": "1960.00"}}, {"model": "transactions.entry", "pk": 45, "fields": {"transaction": 24, "account": 9, "entry_type": 1, "amount": "26896.00"}}, {"model": "transactions.entry", "pk": 46, "fields": {"transaction": 24, "account": 20, "entry_type": 2, "amount": "27050.00"}}, {"model": "transactions.entry", "pk": 47, "fields": {"transaction": 25, "account": 35, "entry_type": 1, "amount": "559.00"}}, {"model": "transactions.entry", "pk": 48, "fields": {"transaction": 25, "account": 23, "entry_type": 2, "amount": "559.00"}}, {"model": "transactions.entry", "pk": 49, "fields": {"transaction": 26, "account": 51, "entry_type": 1, "amount": "70.00"}}, {"model": "transactions.entry", "pk": 50, "fields": {"transaction": 26, "account": 15, "entry_type": 2, "amount": "70.00"}}, {"model": "transactions.entry", "pk": 51, "fields": {"transaction": 27, "account": 23, "entry_type": 2, "amount": "181.00"}}, {"model": "transactions.entry", "pk": 52, "fields": {"transaction": 27, "account": 36, "entry_type": 1, "amount": "181.00"}}, {"model": "transactions.entry", "pk": 53, "fields": {"transaction": 28, "account": 36, "entry_type": 1, "amount": "117.00"}}, {"model": "transactions.entry", "pk": 54, "fields": {"transaction": 28, "account": 15, "entry_type": 2, "amount": "117.00"}}, {"model": "transactions.entry", "pk": 55, "fields": {"transaction": 29, "account": 15, "entry_type": 1, "amount": "3000.00"}}, {"model": "transactions.entry", "pk": 56, "fields": {"transaction": 29, "account": 9, "entry_type": 2, "amount": "3000.00"}}, {"model": "transactions.entry", "pk": 57, "fields": {"transaction": 30, "account": 15, "entry_type": 1, "amount": "1000.00"}}, {"model": "transactions.entry", "pk": 58, "fields": {"transaction": 30, "account": 9, "entry_type": 2, "amount": "1000.00"}}, {"model": "transactions.entry", "pk": 59, "fields": {"transaction": 31, "account": 19, "entry_type": 1, "amount": "3550.00"}}, {"model": "transactions.entry", "pk": 60, "fields": {"transaction": 31, "account": 15, "entry_type": 2, "amount": "3550.00"}}, {"model": "transactions.entry", "pk": 61, "fields": {"transaction": 32, "account": 35, "entry_type": 1, "amount": "1139.00"}}, {"model": "transactions.entry", "pk": 62, "fields": {"transaction": 32, "account": 23, "entry_type": 2, "amount": "1139.00"}}, {"model": "transactions.entry", "pk": 63, "fields": {"transaction": 33, "account": 42, "entry_type": 1, "amount": "587.00"}}, {"model": "transactions.entry", "pk": 64, "fields": {"transaction": 33, "account": 23, "entry_type": 2, "amount": "587.00"}}, {"model": "transactions.entry", "pk": 65, "fields": {"transaction": 34, "account": 35, "entry_type": 1, "amount": "816.00"}}, {"model": "transactions.entry", "pk": 66, "fields": {"transaction": 34, "account": 23, "entry_type": 2, "amount": "816.00"}}, {"model": "transactions.entry", "pk": 67, "fields": {"transaction": 35, "account": 35, "entry_type": 1, "amount": "608.00"}}, {"model": "transactions.entry", "pk": 68, "fields": {"transaction": 35, "account": 23, "entry_type": 2, "amount": "608.00"}}, {"model": "transactions.entry", "pk": 69, "fields": {"transaction": 36, "account": 19, "entry_type": 1, "amount": "2500.00"}}, {"model": "transactions.entry", "pk": 70, "fields": {"transaction": 36, "account": 1, "entry_type": 2, "amount": "2500.00"}}, {"model": "transactions.entry", "pk": 71, "fields": {"transaction": 37, "account": 49, "entry_type": 1, "amount": "200.00"}}, {"model": "transactions.entry", "pk": 72, "fields": {"transaction": 37, "account": 1, "entry_type": 2, "amount": "200.00"}}, {"model": "transactions.entry", "pk": 73, "fields": {"transaction": 38, "account": 35, "entry_type": 1, "amount": "168.00"}}, {"model": "transactions.entry", "pk": 74, "fields": {"transaction": 38, "account": 23, "entry_type": 2, "amount": "168.00"}}, {"model": "transactions.entry", "pk": 75, "fields": {"transaction": 39, "account": 35, "entry_type": 1, "amount": "220.00"}}, {"model": "transactions.entry", "pk": 76, "fields": {"transaction": 39, "account": 1, "entry_type": 2, "amount": "220.00"}}, {"model": "transactions.entry", "pk": 77, "fields": {"transaction": 24, "account": 49, "entry_type": 1, "amount": "154.00"}}, {"model": "transactions.entry", "pk": 78, "fields": {"transaction": 40, "account": 9, "entry_type": 1, "amount": "57488.00"}}, {"model": "transactions.entry", "pk": 79, "fields": {"transaction": 40, "account": 20, "entry_type": 2, "amount": "57488.00"}}, {"model": "transactions.entry", "pk": 80, "fields": {"transaction": 41, "account": 9, "entry_type": 1, "amount": "24946.00"}}, {"model": "transactions.entry", "pk": 81, "fields": {"transaction": 41, "account": 21, "entry_type": 2, "amount": "24946.00"}}, {"model": "transactions.entry", "pk": 82, "fields": {"transaction": 42, "account": 36, "entry_type": 1, "amount": "570.00"}}, {"model": "transactions.entry", "pk": 83, "fields": {"transaction": 42, "account": 35, "entry_type": 2, "amount": "570.00"}}, {"model": "transactions.entry", "pk": 84, "fields": {"transaction": 9, "account": 38, "entry_type": 1, "amount": "5150.00"}}, {"model": "transactions.entry", "pk": 85, "fields": {"transaction": 43, "account": 16, "entry_type": 1, "amount": "54800.00"}}, {"model": "transactions.entry", "pk": 86, "fields": {"transaction": 43, "account": 9, "entry_type": 2, "amount": "54800.00"}}, {"model": "transactions.entry", "pk": 87, "fields": {"transaction": 44, "account": 50, "entry_type": 1, "amount": "48000.00"}}, {"model": "transactions.entry", "pk": 88, "fields": {"transaction": 44, "account": 9, "entry_type": 2, "amount": "48330.00"}}, {"model": "transactions.entry", "pk": 89, "fields": {"transaction": 45, "account": 52, "entry_type": 1, "amount": "54800.00"}}, {"model": "transactions.entry", "pk": 90, "fields": {"transaction": 45, "account": 16, "entry_type": 2, "amount": "54800.00"}}, {"model": "transactions.entry", "pk": 91, "fields": {"transaction": 46, "account": 35, "entry_type": 1, "amount": "282.00"}}, {"model": "transactions.entry", "pk": 92, "fields": {"transaction": 46, "account": 23, "entry_type": 2, "amount": "351.00"}}, {"model": "transactions.entry", "pk": 93, "fields": {"transaction": 46, "account": 36, "entry_type": 1, "amount": "69.00"}}, {"model": "transactions.entry", "pk": 94, "fields": {"transaction": 47, "account": 9, "entry_type": 1, "amount": "48000.00"}}, {"model": "transactions.entry", "pk": 95, "fields": {"transaction": 47, "account": 32, "entry_type": 2, "amount": "48000.00"}}, {"model": "transactions.entry", "pk": 96, "fields": {"transaction": 48, "account": 44, "entry_type": 1, "amount": "1960.00"}}, {"model": "transactions.entry", "pk": 97, "fields": {"transaction": 48, "account": 9, "entry_type": 2, "amount": "1960.00"}}, {"model": "transactions.entry", "pk": 98, "fields": {"transaction": 49, "account": 9, "entry_type": 1, "amount": "30000.00"}}, {"model": "transactions.entry", "pk": 99, "fields": {"transaction": 49, "account": 54, "entry_type": 2, "amount": "30000.00"}}, {"model": "transactions.entry", "pk": 100, "fields": {"transaction": 50, "account": 23, "entry_type": 1, "amount": "8570.00"}}, {"model": "transactions.entry", "pk": 101, "fields": {"transaction": 50, "account": 9, "entry_type": 2, "amount": "8471.00"}}, {"model": "transactions.entry", "pk": 102, "fields": {"transaction": 51, "account": 51, "entry_type": 1, "amount": "120.00"}}, {"model": "transactions.entry", "pk": 103, "fields": {"transaction": 51, "account": 23, "entry_type": 2, "amount": "120.00"}}, {"model": "transactions.entry", "pk": 104, "fields": {"transaction": 52, "account": 35, "entry_type": 1, "amount": "913.00"}}, {"model": "transactions.entry", "pk": 105, "fields": {"transaction": 52, "account": 23, "entry_type": 2, "amount": "913.00"}}, {"model": "transactions.entry", "pk": 106, "fields": {"transaction": 50, "account": 54, "entry_type": 2, "amount": "99.00"}}, {"model": "transactions.entry", "pk": 107, "fields": {"transaction": 53, "account": 1, "entry_type": 1, "amount": "30.00"}}, {"model": "transactions.entry", "pk": 108, "fields": {"transaction": 53, "account": 54, "entry_type": 2, "amount": "30.00"}}, {"model": "transactions.entry", "pk": 109, "fields": {"transaction": 54, "account": 35, "entry_type": 1, "amount": "62.00"}}, {"model": "transactions.entry", "pk": 110, "fields": {"transaction": 54, "account": 13, "entry_type": 2, "amount": "62.00"}}, {"model": "transactions.entry", "pk": 111, "fields": {"transaction": 55, "account": 36, "entry_type": 1, "amount": "138.00"}}, {"model": "transactions.entry", "pk": 112, "fields": {"transaction": 55, "account": 14, "entry_type": 2, "amount": "132.00"}}, {"model": "transactions.entry", "pk": 113, "fields": {"transaction": 55, "account": 54, "entry_type": 2, "amount": "6.00"}}, {"model": "transactions.entry", "pk": 114, "fields": {"transaction": 56, "account": 36, "entry_type": 1, "amount": "181.00"}}, {"model": "transactions.entry", "pk": 115, "fields": {"transaction": 56, "account": 14, "entry_type": 2, "amount": "181.00"}}, {"model": "transactions.entry", "pk": 116, "fields": {"transaction": 57, "account": 35, "entry_type": 1, "amount": "144.00"}}, {"model": "transactions.entry", "pk": 117, "fields": {"transaction": 57, "account": 1, "entry_type": 2, "amount": "144.00"}}, {"model": "transactions.entry", "pk": 120, "fields": {"transaction": 59, "account": 35, "entry_type": 1, "amount": "1000.00"}}, {"model": "transactions.entry", "pk": 121, "fields": {"transaction": 59, "account": 1, "entry_type": 2, "amount": "1000.00"}}, {"model": "transactions.entry", "pk": 122, "fields": {"transaction": 44, "account": 49, "entry_type": 1, "amount": "330.00"}}]